,best_precision,best_recall,balanced
winequality-white-3-9_vs_5,1.728193600903e-312,6.134689833096e-312,1.048478120559e-311
