,best_precision,best_recall,balanced
winequality-white-3-9_vs_5,1.65940070891e-312,6.045566009856e-312,1.038080341181e-311
