,best_precision,best_recall,balanced
winequality-white-3-9_vs_5,1.812184406485e-312,6.20683769001e-312,1.0571783033044e-311
