,best_precision,best_recall,balanced
winequality-white-3-9_vs_5,1.97982207342e-312,6.380841344904e-312,1.0769128641644e-311
