,best_precision,best_recall,balanced
pima,1.0974295378414e-311,1.0974294557395e-311,1.1109744583445e-311
yeast4,1.0974295378414e-311,1.0974294557395e-311,1.1109744583445e-311
yeast5,1.0974295378414e-311,1.0974294557395e-311,1.1109744583445e-311
winequality-white-3-9_vs_5,1.0974295378414e-311,1.0974294557395e-311,1.1109744583445e-311
